{
	"info": {
		"_postman_id": "40c3093a-39c1-429b-8d59-518acd3dd75c",
		"name": "garedbutikker",
		"schema": "https://schema.getpostman.com/json/collection/v2.1.0/collection.json"
	},
	"item": [
		{
			"name": "POST gem butikke",
			"request": {
				"method": "POST",
				"header": [],
				"body": {
					"mode": "formdata",
					"formdata": [
						{
							"key": "navn",
							"value": "Havredal Grøntsager",
							"type": "text"
						},
						{
							"key": "adresse",
							"value": "Ulvedalsvej 32",
							"type": "text"
						},
						{
							"key": "info",
							"value": "Betaling er kontanter eller MobilePay.",
							"type": "text"
						},
						{
							"key": "åbningstider",
							"value": "Åbningstider er hele døgnet 365 dage om året.",
							"type": "text"
						},
						{
							"key": "image",
							"type": "file",
							"src": "/C:/Users/thar0168/Pictures/gaerdbutik image/Havredal1.jpg"
						}
					]
				},
				"url": {
					"raw": "http://localhost:5027/butikkes",
					"protocol": "http",
					"host": [
						"localhost"
					],
					"port": "5027",
					"path": [
						"butikkes"
					]
				}
			},
			"response": []
		},
		{
			"name": "PUT ret butik",
			"request": {
				"method": "PUT",
				"header": [],
				"body": {
					"mode": "formdata",
					"formdata": [
						{
							"key": "navn",
							"value": "Den Lille Gårdbutik",
							"type": "text"
						},
						{
							"key": "adresse",
							"value": "Gl. Skovvej 120",
							"type": "text"
						},
						{
							"key": "info",
							"value": "ingen info nu",
							"type": "text"
						},
						{
							"key": "åbningstider",
							"value": "Gårdbutik: Mandag – torsdag: 12.00 – 14.00,Fredag – søndag: 10.00 – 14.00",
							"type": "text"
						},
						{
							"key": "image",
							"type": "file",
							"src": "/C:/Users/thar0168/Pictures/gaerdbutik image/Den-Lille-Gårdbutik-150x150.jpg"
						}
					]
				},
				"url": {
					"raw": "http://localhost:5027/butikkes/60c33e27b245904e0c17bdac",
					"protocol": "http",
					"host": [
						"localhost"
					],
					"port": "5027",
					"path": [
						"butikkes",
						"60c33e27b245904e0c17bdac"
					]
				}
			},
			"response": []
		},
		{
			"name": "GET hent alle butikkes",
			"request": {
				"method": "GET",
				"header": [],
				"url": {
					"raw": "http://localhost:5027/butikkes",
					"protocol": "http",
					"host": [
						"localhost"
					],
					"port": "5027",
					"path": [
						"butikkes"
					]
				}
			},
			"response": []
		},
		{
			"name": "GET hent butik ud fra ID",
			"request": {
				"method": "GET",
				"header": [],
				"url": {
					"raw": "http://localhost:5027/butikkes/60c33a96529f4236fcb752c8",
					"protocol": "http",
					"host": [
						"localhost"
					],
					"port": "5027",
					"path": [
						"butikkes",
						"60c33a96529f4236fcb752c8"
					]
				}
			},
			"response": []
		},
		{
			"name": "DELETE slet butik ud fra ID",
			"request": {
				"method": "DELETE",
				"header": [],
				"url": {
					"raw": "http://localhost:5027/butikkes/60c33a96529f4236fcb752c8",
					"protocol": "http",
					"host": [
						"localhost"
					],
					"port": "5027",
					"path": [
						"butikkes",
						"60c33a96529f4236fcb752c8"
					]
				}
			},
			"response": []
		}
	]
}